STT,Họ và tên,Tổ,Điểm thi đua,Xếp loại,Lỗi vi phạm
,,,100,Tốt,
1.0,Nguyễn Tuyền An,Tổ 2,100,Tốt,
2.0,Võ Huỳnh Minh An,Tổ 1,100,Tốt,
3.0,Huỳnh Bảo Ngọc Thiên Ân,Tổ 1,100,Tốt,
4.0,Lê Minh Thái Dương,Tổ 3,100,Tốt,
5.0,Ngô Gia Hân,Tổ 1,100,Tốt,
6.0,Nguyễn Thị Ngọc Hiên,Tổ 3,100,Tốt,
7.0,Huỳnh Ngọc Huy,Tổ 1,100,Tốt,
8.0,Lê Tuấn Hưng,Tổ 2,100,Tốt,
9.0,Nguyễn Huỳnh Gia Hưng,Tổ 1,100,Tốt,
10.0,Lê Quỳnh Diễm Hương,Tổ 1,100,Tốt,
11.0,Trần Thanh Thiên Hương,Tổ 3,100,Tốt,
12.0,Bùi Nhật Khiêm,Tổ 1,100,Tốt,
13.0,Nguyễn Trung Kiên,Tổ 4,100,Tốt,
14.0,Lê Ngọc Ánh Loan,Tổ 1,100,Tốt,
15.0,Nguyễn Quý Khởi My,Tổ 4,100,Tốt,
16.0,Nguyễn Trần Xuân Nghi,Tổ 1,100,Tốt,
17.0,Trần Khánh Ngọc,Tổ 2,100,Tốt,
18.0,Võ Như Nguyệt,Tổ 1,100,Tốt,
19.0,Nguyễn Huỳnh Mai Nhi,Tổ 4,100,Tốt,
20.0,Phạm Thị Thu Nhung,Tổ 1,100,Tốt,
21.0,Nhữ Quỳnh Như,Tổ 3,100,Tốt,
22.0,Võ Phi Uyển Như,Tổ 4,100,Tốt,
23.0,Ngô Minh Phong,Tổ 1,100,Tốt,
24.0,Nguyễn Thiên Phú,Tổ 2,100,Tốt,
25.0,Nguyễn Thiện Phúc,Tổ 1,100,Tốt,
26.0,Nguyễn Lục Trung Quân,Tổ 4,100,Tốt,
27.0,Nguyễn Gia Ngọc Quý,Tổ 4,100,Tốt,
28.0,Nguyễn Tấn Tài,Tổ 3,100,Tốt,
29.0,Lê Ngọc Thái,Tổ 1,100,Tốt,
30.0,Trần Ngọc Thanh,Tổ 2,100,Tốt,
31.0,Đỗ Nguyễn Xuân Thiên,Tổ 1,100,Tốt,
32.0,Nguyễn Duy Thiên,Tổ 1,100,Tốt,
33.0,Võ Anh Thiên,Tổ 1,100,Tốt,
34.0,Nguyễn Đức Thịnh,Tổ 2,100,Tốt,
35.0,Nguyễn Thanh Thủy,Tổ 3,100,Tốt,
36.0,Nguyễn Minh Thư,Tổ 1,100,Tốt,
37.0,Hồ Mai Xuân Trâm,Tổ 2,100,Tốt,
38.0,Nhữ Trường Huyền Trân,Tổ 1,100,Tốt,
39.0,Hồ Ngọc Minh Triết,Tổ 1,100,Tốt,
40.0,Nhữ Trường Nhã Trúc,Tổ 2,100,Tốt,
41.0,Trần Ngọc Bích Tuyền,Tổ 1,100,Tốt,
42.0,Trần Thanh Tuyền,Tổ 1,100,Tốt,
43.0,Nguyễn Ngọc Gia Tường,Tổ 3,100,Tốt,
44.0,Nhữ Trường Gia Tường,Tổ 1,100,Tốt,
